<?xml version="1.0" encoding="UTF-8"?>
<beans xmlns="http://www.springframework.org/schema/beans"
       xmlns:xsi="http://www.w3.org/2001/XMLSchema-instance"
       xmlns:context="http://www.springframework.org/schema/context"
       xmlns:camel="http://camel.apache.org/schema/spring"
       xmlns:broker="http://activemq.apache.org/schema/core"
       xsi:schemaLocation="
         http://www.springframework.org/schema/beans http://www.springframework.org/schema/beans/spring-beans.xsd
         http://www.springframework.org/schema/context http://www.springframework.org/schema/context/spring-context.xsd
         http://camel.apache.org/schema/spring http://camel.apache.org/schema/spring/camel-spring.xsd
         http://activemq.apache.org/schema/core http://activemq.apache.org/schema/core/activemq-core.xsd">
  <context:component-scan base-package="com.activeMqCamelSpring.demo"/>

  <context:property-placeholder location="classpath:camel.properties"
                                ignore-resource-not-found="true"/>

  <camel:camelContext id="camel-server">
    <camel:package>com.activeMqCamelSpring.demo.server</camel:package>
    <camel:jmxAgent id="agent" createConnector="true"/>
  </camel:camelContext>


  <broker:broker useJmx="true" persistent="false" brokerName="myBroker"
                 xmlns="http://activemq.apache.org/schema/core">
    <broker:transportConnectors>
      <broker:transportConnector name="vm" uri="vm://myBroker"/>
      <broker:transportConnector name="tcp" uri="tcp://0.0.0.0:${tcp.port}?create=false&amp;waitForStart=5000"/>
    </broker:transportConnectors>
  </broker:broker>


  <bean id="jms" class="org.apache.activemq.camel.component.ActiveMQComponent">
      <property name="brokerURL" value="vm://myBroker"/>
  </bean>

</beans>
