<beans xmlns="http://www.springframework.org/schema/beans" 
    xmlns:xsi="http://www.w3.org/2001/XMLSchema-instance"
    xmlns:p="http://www.springframework.org/schema/p"
    xmlns:context="http://www.springframework.org/schema/context"
    xmlns:util="http://www.springframework.org/schema/util"
    xmlns:mvc="http://www.springframework.org/schema/mvc"
    xsi:schemaLocation="
        http://www.springframework.org/schema/util
        http://www.springframework.org/schema/util/spring-util-4.1.xsd
        http://www.springframework.org/schema/beans 
        http://www.springframework.org/schema/beans/spring-beans-4.1.xsd
        http://www.springframework.org/schema/context 
        http://www.springframework.org/schema/context/spring-context-4.1.xsd
        http://www.springframework.org/schema/mvc
       http://www.springframework.org/schema/mvc/spring-mvc-4.1.xsd" >
    
    <mvc:annotation-driven validator="validator" conversion-service="conversion-service"/>

    <bean id="validator" class="org.springframework.validation.beanvalidation.LocalValidatorFactoryBean">
        <property name="providerClass"  value="org.hibernate.validator.HibernateValidator"/>
    </bean>
     <bean id="conversion-service" class="org.springframework.format.support.FormattingConversionServiceFactoryBean"  />


	<mvc:annotation-driven />

    <context:component-scan base-package="com.activeMqCamelSpring.demo.web">
        <context:include-filter type="annotation" expression="org.springframework.stereotype.Controller"/>
    </context:component-scan>





</beans>
